order_id,customer_id,order_date,payment_method,order_status,order_month,order_dayofweek,order_total,age,gender,city,signup_date,days_since_signup
1,144,2026-07-12,naver_pay,completed,2026-07,Sunday,344000.0,90.0,F,인천,2024-03-13,851.0
2,149,2025-10-02,kakao_pay,completed,2025-10,Thursday,1389000.0,32.0,M,서울,2025-03-23,193.0
4,92,2025-10-12,kakao_pay,completed,2025-10,Sunday,116000.0,25.0,F,광주,2025-01-04,281.0
5,6,2026-04-17,bank_transfer,cancelled,2026-04,Friday,965000.0,27.0,M,대구,2023-07-21,1001.0
8,99,2026-02-04,naver_pay,cancelled,2026-02,Wednesday,1815000.0,51.0,F,인천,2024-06-22,592.0
9,93,2026-05-12,naver_pay,completed,2026-05,Tuesday,1980000.0,18.0,M,울산,2025-01-26,471.0
10,56,2026-01-22,naver_pay,completed,2026-01,Thursday,168000.0,67.0,F,서울,2025-02-19,337.0
12,81,2026-08-05,card,completed,2026-08,Wednesday,1416000.0,64.0,F,광주,2025-01-25,557.0
13,135,2026-08-08,bank_transfer,completed,2026-08,Saturday,809000.0,41.0,M,광주,2025-11-30,251.0
14,135,2026-04-07,card,refunded,2026-04,Tuesday,604000.0,41.0,M,광주,2025-11-30,128.0
17,91,2025-11-17,naver_pay,cancelled,2025-11,Monday,691000.0,59.0,M,광주,2023-11-13,735.0
18,100,2026-05-27,kakao_pay,completed,2026-05,Wednesday,394000.0,57.0,M,광주,2025-07-03,328.0
19,3,2026-02-02,naver_pay,completed,2026-02,Monday,22000.0,34.0,F,서울,2025-01-22,376.0
21,129,2026-02-13,bank_transfer,completed,2026-02,Friday,88000.0,52.0,M,인천,2024-01-03,772.0
23,93,2025-08-06,bank_transfer,completed,2025-08,Wednesday,714000.0,18.0,M,울산,2025-01-26,192.0
26,121,2026-06-09,bank_transfer,refunded,2026-06,Tuesday,726000.0,41.0,F,광주,2023-12-26,896.0
28,69,2025-11-18,card,completed,2025-11,Tuesday,105000.0,59.0,M,성남,2025-06-06,165.0
29,121,2026-03-04,card,completed,2026-03,Wednesday,601000.0,41.0,F,광주,2023-12-26,799.0
30,37,2025-10-29,kakao_pay,completed,2025-10,Wednesday,231000.0,33.0,M,수원,2024-03-17,591.0
31,73,2026-07-05,kakao_pay,refunded,2026-07,Sunday,106000.0,47.0,F,수원,2024-01-17,900.0
32,27,2026-05-24,kakao_pay,completed,2026-05,Sunday,1493000.0,45.0,F,부산,2025-11-06,199.0
33,43,2026-04-09,card,refunded,2026-04,Thursday,601000.0,39.0,M,부산,2025-11-16,144.0
34,122,2025-12-31,card,refunded,2025-12,Wednesday,588000.0,38.0,F,대구,2025-05-23,222.0
35,57,2026-05-11,bank_transfer,completed,2026-05,Monday,777000.0,53.0,M,인천,2026-01-03,128.0
36,12,2026-03-20,kakao_pay,completed,2026-03,Friday,751000.0,41.0,M,울산,2026-03-06,14.0
37,56,2025-07-10,kakao_pay,completed,2025-07,Thursday,402000.0,67.0,F,서울,2025-02-19,141.0
38,2,2026-03-21,bank_transfer,completed,2026-03,Saturday,244000.0,63.0,M,대구,2023-09-20,913.0
39,99,2025-11-29,naver_pay,completed,2025-11,Saturday,592000.0,51.0,F,인천,2024-06-22,525.0
40,24,2026-03-25,card,completed,2026-03,Wednesday,1103000.0,41.0,F,대구,2024-11-06,504.0
42,55,2026-03-02,card,completed,2026-03,Monday,96000.0,61.0,M,부산,2024-11-20,467.0
43,40,2026-02-21,kakao_pay,completed,2026-02,Saturday,1100000.0,21.0,F,광주,2025-11-04,109.0
44,128,2026-08-01,bank_transfer,refunded,2026-08,Saturday,1208000.0,23.0,M,울산,2025-08-14,352.0
46,47,2025-10-09,naver_pay,completed,2025-10,Thursday,1472000.0,67.0,F,수원,2025-01-31,251.0
47,140,2026-06-04,bank_transfer,completed,2026-06,Thursday,969000.0,68.0,M,광주,2025-09-04,273.0
48,127,2026-04-05,naver_pay,completed,2026-04,Sunday,314000.0,49.0,F,부산,2025-11-10,146.0
49,54,2026-06-02,kakao_pay,refunded,2026-06,Tuesday,348000.0,39.0,F,대구,2023-10-31,945.0
50,104,2026-08-14,card,completed,2026-08,Friday,2088000.0,38.0,F,서울,2025-08-31,348.0
52,120,2026-06-22,kakao_pay,completed,2026-06,Monday,87000.0,41.0,F,부산,2024-04-15,798.0
53,41,2026-03-13,bank_transfer,cancelled,2026-03,Friday,210000.0,41.0,M,Unknown,2023-10-20,875.0
54,115,2026-08-21,kakao_pay,completed,2026-08,Friday,865000.0,47.0,F,수원,2025-12-24,240.0
55,82,2025-12-29,kakao_pay,completed,2025-12,Monday,831000.0,56.0,M,수원,2025-11-22,37.0
57,142,2025-07-01,kakao_pay,refunded,2025-07,Tuesday,721000.0,41.0,F,인천,2023-11-09,600.0
59,38,2026-03-25,naver_pay,completed,2026-03,Wednesday,238000.0,62.0,M,성남,2025-04-09,350.0
61,23,2026-05-27,bank_transfer,completed,2026-05,Wednesday,626000.0,66.0,F,부산,2024-03-20,798.0
62,105,2026-04-16,card,completed,2026-04,Thursday,522000.0,24.0,F,광주,2025-09-13,215.0
63,150,2026-06-08,bank_transfer,completed,2026-06,Monday,1081000.0,37.0,F,수원,2024-03-19,811.0
64,73,2025-07-07,bank_transfer,cancelled,2025-07,Monday,79000.0,47.0,F,수원,2024-01-17,537.0
65,106,2025-12-18,kakao_pay,completed,2025-12,Thursday,577000.0,63.0,F,고양,2023-08-05,866.0
66,95,2025-11-17,kakao_pay,cancelled,2025-11,Monday,670000.0,49.0,M,인천,2023-10-20,759.0
68,138,2026-04-01,bank_transfer,completed,2026-04,Wednesday,366000.0,58.0,F,서울,2023-12-02,851.0
69,120,2026-08-02,kakao_pay,cancelled,2026-08,Sunday,274000.0,41.0,F,부산,2024-04-15,839.0
71,112,2026-08-05,kakao_pay,completed,2026-08,Wednesday,934000.0,40.0,F,인천,2023-08-13,1088.0
74,110,2026-04-12,card,refunded,2026-04,Sunday,1038000.0,45.0,F,성남,2025-04-05,372.0
75,3,2026-04-08,naver_pay,refunded,2026-04,Wednesday,353000.0,34.0,F,서울,2025-01-22,441.0
76,46,2026-02-25,kakao_pay,completed,2026-02,Wednesday,2300000.0,62.0,F,부산,2025-11-02,115.0
77,41,2026-08-29,card,cancelled,2026-08,Saturday,474000.0,41.0,M,Unknown,2023-10-20,1044.0
78,127,2026-07-22,naver_pay,refunded,2026-07,Wednesday,21000.0,49.0,F,부산,2025-11-10,254.0
79,99,2026-05-22,kakao_pay,completed,2026-05,Friday,1233000.0,51.0,F,인천,2024-06-22,699.0
80,9,2026-01-15,bank_transfer,cancelled,2026-01,Thursday,1009000.0,65.0,M,울산,2025-01-13,367.0
81,78,2025-11-17,naver_pay,cancelled,2025-11,Monday,447000.0,47.0,M,부산,2025-09-08,70.0
82,51,2026-01-22,bank_transfer,completed,2026-01,Thursday,848000.0,25.0,M,부산,2025-07-05,201.0
83,95,2025-07-29,card,cancelled,2025-07,Tuesday,42000.0,49.0,M,인천,2023-10-20,648.0
84,69,2025-07-04,kakao_pay,cancelled,2025-07,Friday,1118000.0,59.0,M,성남,2025-06-06,28.0
85,120,2026-01-13,kakao_pay,completed,2026-01,Tuesday,1417000.0,41.0,F,부산,2024-04-15,638.0
86,14,2025-10-04,bank_transfer,completed,2025-10,Saturday,611000.0,45.0,F,대구,2024-01-22,621.0
87,17,2026-05-13,naver_pay,completed,2026-05,Wednesday,1406000.0,58.0,M,광주,2023-07-30,1018.0
88,9,2025-11-13,kakao_pay,completed,2025-11,Thursday,10000.0,65.0,M,울산,2025-01-13,304.0
89,15,2025-11-12,kakao_pay,completed,2025-11,Wednesday,662000.0,61.0,M,광주,2025-05-18,178.0
90,5,2026-07-27,card,completed,2026-07,Monday,1430000.0,26.0,M,광주,2024-02-10,898.0
92,93,2026-02-03,kakao_pay,completed,2026-02,Tuesday,444000.0,18.0,M,울산,2025-01-26,373.0
93,79,2025-12-12,card,refunded,2025-12,Friday,1417000.0,55.0,F,부산,2024-09-28,440.0
94,3,2025-10-10,kakao_pay,completed,2025-10,Friday,1197000.0,34.0,F,서울,2025-01-22,261.0
95,100,2026-03-08,kakao_pay,completed,2026-03,Sunday,712000.0,57.0,M,광주,2025-07-03,248.0
96,85,2026-06-21,card,completed,2026-06,Sunday,167000.0,33.0,M,부산,2023-10-05,990.0
98,29,2025-10-10,naver_pay,completed,2025-10,Friday,915000.0,28.0,M,서울,2024-06-08,489.0
99,126,2026-03-26,kakao_pay,cancelled,2026-03,Thursday,579000.0,53.0,F,고양,2025-12-03,113.0
100,85,2026-04-30,bank_transfer,completed,2026-04,Thursday,843000.0,33.0,M,부산,2023-10-05,938.0
101,55,2026-02-18,bank_transfer,cancelled,2026-02,Wednesday,1071000.0,61.0,M,부산,2024-11-20,455.0
102,9,2026-05-04,kakao_pay,completed,2026-05,Monday,156000.0,65.0,M,울산,2025-01-13,476.0
103,32,2026-07-14,bank_transfer,completed,2026-07,Tuesday,1007000.0,25.0,F,성남,2026-01-31,164.0
104,15,2026-01-14,bank_transfer,cancelled,2026-01,Wednesday,815000.0,61.0,M,광주,2025-05-18,241.0
105,92,2026-06-07,naver_pay,completed,2026-06,Sunday,528000.0,25.0,F,광주,2025-01-04,519.0
106,119,2026-08-20,kakao_pay,cancelled,2026-08,Thursday,165000.0,20.0,M,인천,2024-01-26,937.0
108,14,2026-08-06,kakao_pay,completed,2026-08,Thursday,1891000.0,45.0,F,대구,2024-01-22,927.0
109,92,2026-01-13,kakao_pay,refunded,2026-01,Tuesday,770000.0,25.0,F,광주,2025-01-04,374.0
110,17,2025-08-21,kakao_pay,refunded,2025-08,Thursday,1234000.0,58.0,M,광주,2023-07-30,753.0
113,117,2026-04-21,bank_transfer,cancelled,2026-04,Tuesday,994000.0,21.0,M,인천,2023-09-08,956.0
114,140,2026-02-05,bank_transfer,refunded,2026-02,Thursday,321000.0,68.0,M,광주,2025-09-04,154.0
115,120,2025-08-10,card,completed,2025-08,Sunday,328000.0,41.0,F,부산,2024-04-15,482.0
116,97,2025-12-05,kakao_pay,completed,2025-12,Friday,608000.0,41.0,F,부산,2024-12-26,344.0
117,145,2025-11-15,naver_pay,cancelled,2025-11,Saturday,1866000.0,32.0,M,서울,2025-02-15,273.0
119,22,2025-08-27,card,refunded,2025-08,Wednesday,1920000.0,28.0,F,부산,2024-06-28,425.0
121,95,2026-08-03,naver_pay,completed,2026-08,Monday,1097000.0,49.0,M,인천,2023-10-20,1018.0
122,86,2026-02-11,card,refunded,2026-02,Wednesday,128000.0,22.0,F,부산,2023-12-24,780.0
123,138,2025-09-13,kakao_pay,refunded,2025-09,Saturday,793000.0,58.0,F,서울,2023-12-02,651.0
124,132,2025-12-01,card,completed,2025-12,Monday,364000.0,62.0,M,인천,2025-09-02,90.0
125,94,2026-03-11,card,cancelled,2026-03,Wednesday,1681000.0,27.0,F,인천,2024-08-14,574.0
127,26,2026-05-12,naver_pay,completed,2026-05,Tuesday,786000.0,68.0,F,대구,2026-01-03,129.0
128,85,2026-06-17,bank_transfer,completed,2026-06,Wednesday,1226000.0,33.0,M,부산,2023-10-05,986.0
129,90,2026-07-01,card,completed,2026-07,Wednesday,1791000.0,57.0,F,수원,2024-09-22,647.0
130,79,2025-08-17,bank_transfer,completed,2025-08,Sunday,82000.0,55.0,F,부산,2024-09-28,323.0
131,18,2026-02-12,kakao_pay,cancelled,2026-02,Thursday,1166000.0,19.0,M,대전,2025-08-05,191.0
132,3,2026-04-14,kakao_pay,cancelled,2026-04,Tuesday,624000.0,34.0,F,서울,2025-01-22,447.0
134,55,2025-11-16,bank_transfer,completed,2025-11,Sunday,1247000.0,61.0,M,부산,2024-11-20,361.0
135,126,2026-03-30,card,cancelled,2026-03,Monday,704000.0,53.0,F,고양,2025-12-03,117.0
136,33,2026-08-19,bank_transfer,completed,2026-08,Wednesday,830000.0,150.0,F,고양,2025-09-14,339.0
140,75,2025-08-31,kakao_pay,cancelled,2025-08,Sunday,963000.0,32.0,F,울산,2023-08-19,743.0
141,74,2026-05-16,bank_transfer,completed,2026-05,Saturday,567000.0,27.0,F,부산,2023-08-26,994.0
142,20,2026-02-03,bank_transfer,refunded,2026-02,Tuesday,1534000.0,30.0,F,성남,2025-12-30,35.0
144,90,2026-08-18,card,cancelled,2026-08,Tuesday,381000.0,57.0,F,수원,2024-09-22,695.0
145,19,2026-02-03,card,completed,2026-02,Tuesday,1084000.0,68.0,M,수원,2025-04-19,290.0
146,51,2025-09-17,card,refunded,2025-09,Wednesday,940000.0,25.0,M,부산,2025-07-05,74.0
148,73,2026-01-20,kakao_pay,refunded,2026-01,Tuesday,716000.0,47.0,F,수원,2024-01-17,734.0
149,55,2026-07-17,card,refunded,2026-07,Friday,38000.0,61.0,M,부산,2024-11-20,604.0
150,45,2026-02-26,naver_pay,completed,2026-02,Thursday,518000.0,48.0,M,인천,2024-04-02,695.0
151,74,2026-07-07,kakao_pay,completed,2026-07,Tuesday,1499000.0,27.0,F,부산,2023-08-26,1046.0
152,21,2025-07-07,kakao_pay,completed,2025-07,Monday,570000.0,51.0,M,인천,2023-08-07,700.0
153,135,2026-03-09,card,refunded,2026-03,Monday,1003000.0,41.0,M,광주,2025-11-30,99.0
155,49,2026-05-10,naver_pay,refunded,2026-05,Sunday,1719000.0,54.0,M,인천,2025-04-01,404.0
156,41,2026-03-31,bank_transfer,completed,2026-03,Tuesday,820000.0,41.0,M,Unknown,2023-10-20,893.0
157,1,2026-04-20,kakao_pay,cancelled,2026-04,Monday,757000.0,39.0,F,서울,2025-10-05,197.0
159,31,2025-12-04,bank_transfer,completed,2025-12,Thursday,676000.0,18.0,F,대구,2023-12-24,711.0
160,21,2025-10-04,bank_transfer,completed,2025-10,Saturday,508000.0,51.0,M,인천,2023-08-07,789.0
161,9,2025-08-02,card,completed,2025-08,Saturday,608000.0,65.0,M,울산,2025-01-13,201.0
162,55,2026-06-09,kakao_pay,cancelled,2026-06,Tuesday,1489000.0,61.0,M,부산,2024-11-20,566.0
163,108,2026-06-24,kakao_pay,completed,2026-06,Wednesday,18000.0,56.0,M,대전,2024-07-20,704.0
164,64,2025-12-31,bank_transfer,completed,2025-12,Wednesday,1368000.0,69.0,M,대구,2025-04-26,249.0
166,115,2026-01-28,naver_pay,cancelled,2026-01,Wednesday,636000.0,47.0,F,수원,2025-12-24,35.0
168,146,2026-02-15,naver_pay,completed,2026-02,Sunday,748000.0,62.0,M,대구,2024-01-04,773.0
170,15,2025-12-07,naver_pay,refunded,2025-12,Sunday,487000.0,61.0,M,광주,2025-05-18,203.0
173,105,2026-04-19,kakao_pay,cancelled,2026-04,Sunday,1496000.0,24.0,F,광주,2025-09-13,218.0
174,48,2026-04-03,card,completed,2026-04,Friday,736000.0,24.0,M,광주,2023-09-28,918.0
176,95,2025-07-12,bank_transfer,refunded,2025-07,Saturday,584000.0,49.0,M,인천,2023-10-20,631.0
177,112,2026-02-02,naver_pay,completed,2026-02,Monday,384000.0,40.0,F,인천,2023-08-13,904.0
180,116,2026-08-25,naver_pay,completed,2026-08,Tuesday,183000.0,65.0,F,광주,2026-07-24,32.0
182,111,2026-04-28,kakao_pay,completed,2026-04,Tuesday,299000.0,49.0,M,부산,2023-09-04,967.0
183,98,2025-08-26,card,completed,2025-08,Tuesday,560000.0,47.0,M,광주,2025-03-15,164.0
184,53,2026-03-12,kakao_pay,completed,2026-03,Thursday,1052000.0,41.0,M,서울,2025-08-20,204.0
186,150,2025-12-27,kakao_pay,completed,2025-12,Saturday,322000.0,37.0,F,수원,2024-03-19,648.0
187,31,2026-05-14,naver_pay,cancelled,2026-05,Thursday,1299000.0,18.0,F,대구,2023-12-24,872.0
190,95,2025-10-07,card,refunded,2025-10,Tuesday,170000.0,49.0,M,인천,2023-10-20,718.0
191,21,2025-10-13,bank_transfer,completed,2025-10,Monday,575000.0,51.0,M,인천,2023-08-07,798.0
192,143,2026-06-10,naver_pay,refunded,2026-06,Wednesday,869000.0,33.0,M,대전,2023-10-01,983.0
193,131,2026-04-23,bank_transfer,completed,2026-04,Thursday,176000.0,67.0,M,대구,2025-11-21,153.0
194,84,2026-01-30,card,cancelled,2026-01,Friday,1135000.0,42.0,M,성남,2025-09-29,123.0
195,9,2026-04-03,naver_pay,refunded,2026-04,Friday,1118000.0,65.0,M,울산,2025-01-13,445.0
196,7,2026-08-10,naver_pay,completed,2026-08,Monday,374000.0,31.0,M,서울,2023-11-13,1001.0
197,5,2026-05-30,card,cancelled,2026-05,Saturday,1331000.0,26.0,M,광주,2024-02-10,840.0
199,61,2025-09-28,bank_transfer,completed,2025-09,Sunday,1885000.0,58.0,M,고양,2025-07-19,71.0
202,108,2026-03-11,bank_transfer,completed,2026-03,Wednesday,184000.0,56.0,M,대전,2024-07-20,599.0
204,115,2026-08-11,card,completed,2026-08,Tuesday,1373000.0,47.0,F,수원,2025-12-24,230.0
205,10,2025-09-10,kakao_pay,cancelled,2025-09,Wednesday,588000.0,25.0,F,성남,2023-08-22,750.0
206,25,2026-06-29,bank_transfer,completed,2026-06,Monday,58000.0,35.0,F,울산,2025-12-11,200.0
207,15,2026-08-30,kakao_pay,refunded,2026-08,Sunday,936000.0,61.0,M,광주,2025-05-18,469.0
208,111,2026-04-06,naver_pay,completed,2026-04,Monday,82000.0,49.0,M,부산,2023-09-04,945.0
209,61,2026-05-06,kakao_pay,cancelled,2026-05,Wednesday,543000.0,58.0,M,고양,2025-07-19,291.0
211,38,2026-06-22,kakao_pay,completed,2026-06,Monday,855000.0,62.0,M,성남,2025-04-09,439.0
212,27,2025-12-11,bank_transfer,completed,2025-12,Thursday,716000.0,45.0,F,부산,2025-11-06,35.0
215,60,2026-06-12,card,completed,2026-06,Friday,192000.0,26.0,M,부산,2026-04-08,65.0
216,137,2026-02-11,bank_transfer,completed,2026-02,Wednesday,308000.0,33.0,F,서울,2026-02-06,5.0
217,98,2025-11-29,kakao_pay,cancelled,2025-11,Saturday,338000.0,47.0,M,광주,2025-03-15,259.0
218,83,2026-01-13,card,refunded,2026-01,Tuesday,824000.0,43.0,F,서울,2025-11-02,72.0
219,133,2025-12-03,card,cancelled,2025-12,Wednesday,246000.0,20.0,F,광주,2024-04-23,589.0
220,150,2026-06-19,bank_transfer,refunded,2026-06,Friday,31000.0,37.0,F,수원,2024-03-19,822.0
221,117,2026-06-10,card,cancelled,2026-06,Wednesday,1624000.0,21.0,M,인천,2023-09-08,1006.0
222,93,2025-08-27,card,completed,2025-08,Wednesday,863000.0,18.0,M,울산,2025-01-26,213.0
223,150,2026-04-30,bank_transfer,refunded,2026-04,Thursday,158000.0,37.0,F,수원,2024-03-19,772.0
224,108,2025-12-25,naver_pay,cancelled,2025-12,Thursday,485000.0,56.0,M,대전,2024-07-20,523.0
225,104,2026-08-28,bank_transfer,completed,2026-08,Friday,1878000.0,38.0,F,서울,2025-08-31,362.0
226,108,2026-04-26,kakao_pay,refunded,2026-04,Sunday,840000.0,56.0,M,대전,2024-07-20,645.0
227,124,2026-01-09,card,refunded,2026-01,Friday,22000.0,26.0,F,대구,2025-01-07,367.0
228,22,2026-06-22,bank_transfer,completed,2026-06,Monday,1426000.0,28.0,F,부산,2024-06-28,724.0
230,92,2026-03-12,bank_transfer,completed,2026-03,Thursday,664000.0,25.0,F,광주,2025-01-04,432.0
231,134,2026-06-24,kakao_pay,cancelled,2026-06,Wednesday,230000.0,56.0,M,대전,2025-06-09,380.0
232,20,2026-08-11,kakao_pay,completed,2026-08,Tuesday,1284000.0,30.0,F,성남,2025-12-30,224.0
233,144,2026-07-27,naver_pay,completed,2026-07,Monday,1352000.0,90.0,F,인천,2024-03-13,866.0
234,38,2026-01-10,bank_transfer,completed,2026-01,Saturday,1400000.0,62.0,M,성남,2025-04-09,276.0
235,7,2026-08-26,kakao_pay,completed,2026-08,Wednesday,1293000.0,31.0,M,서울,2023-11-13,1017.0
236,15,2026-05-04,card,cancelled,2026-05,Monday,1381000.0,61.0,M,광주,2025-05-18,351.0
237,2,2025-09-23,bank_transfer,cancelled,2025-09,Tuesday,728000.0,63.0,M,대구,2023-09-20,734.0
238,138,2025-07-15,card,completed,2025-07,Tuesday,915000.0,58.0,F,서울,2023-12-02,591.0
239,119,2026-02-08,bank_transfer,completed,2026-02,Sunday,68000.0,20.0,M,인천,2024-01-26,744.0
241,133,2025-10-22,kakao_pay,refunded,2025-10,Wednesday,453000.0,20.0,F,광주,2024-04-23,547.0
242,52,2026-05-16,kakao_pay,cancelled,2026-05,Saturday,1489000.0,64.0,F,울산,2026-03-14,63.0
243,3,2025-09-29,kakao_pay,cancelled,2025-09,Monday,562000.0,34.0,F,서울,2025-01-22,250.0
244,85,2026-06-09,kakao_pay,completed,2026-06,Tuesday,596000.0,33.0,M,부산,2023-10-05,978.0
246,105,2025-11-06,card,completed,2025-11,Thursday,210000.0,24.0,F,광주,2025-09-13,54.0
247,134,2025-11-23,naver_pay,completed,2025-11,Sunday,170000.0,56.0,M,대전,2025-06-09,167.0
248,22,2025-07-25,naver_pay,completed,2025-07,Friday,1343000.0,28.0,F,부산,2024-06-28,392.0
250,16,2026-03-13,kakao_pay,cancelled,2026-03,Friday,543000.0,37.0,F,서울,2024-02-13,759.0
251,72,2026-06-26,card,refunded,2026-06,Friday,160000.0,18.0,M,울산,2023-11-12,957.0
252,53,2025-10-14,card,completed,2025-10,Tuesday,650000.0,41.0,M,서울,2025-08-20,55.0
254,136,2025-12-23,kakao_pay,completed,2025-12,Tuesday,1157000.0,22.0,F,고양,2025-11-16,37.0
255,90,2026-04-16,card,completed,2026-04,Thursday,895000.0,57.0,F,수원,2024-09-22,571.0
256,55,2027-01-15,bank_transfer,completed,2027-01,Friday,909000.0,61.0,M,부산,2024-11-20,786.0
257,51,2026-06-06,bank_transfer,completed,2026-06,Saturday,1339000.0,25.0,M,부산,2025-07-05,336.0
258,56,2025-11-14,naver_pay,completed,2025-11,Friday,965000.0,67.0,F,서울,2025-02-19,268.0
259,142,2026-06-05,bank_transfer,completed,2026-06,Friday,1001000.0,41.0,F,인천,2023-11-09,939.0
261,90,2026-01-07,card,refunded,2026-01,Wednesday,155000.0,57.0,F,수원,2024-09-22,472.0
262,110,2026-08-11,kakao_pay,completed,2026-08,Tuesday,665000.0,45.0,F,성남,2025-04-05,493.0
263,43,2026-06-18,bank_transfer,completed,2026-06,Thursday,665000.0,39.0,M,부산,2025-11-16,214.0
264,23,2025-08-26,bank_transfer,completed,2025-08,Tuesday,340000.0,66.0,F,부산,2024-03-20,524.0
266,90,2026-01-15,naver_pay,completed,2026-01,Thursday,1625000.0,57.0,F,수원,2024-09-22,480.0
267,69,2026-05-01,naver_pay,completed,2026-05,Friday,1379000.0,59.0,M,성남,2025-06-06,329.0
268,5,2026-05-12,card,completed,2026-05,Tuesday,1209000.0,26.0,M,광주,2024-02-10,822.0
270,122,2025-12-02,kakao_pay,refunded,2025-12,Tuesday,84000.0,38.0,F,대구,2025-05-23,193.0
271,61,2026-01-28,kakao_pay,completed,2026-01,Wednesday,468000.0,58.0,M,고양,2025-07-19,193.0
274,51,2025-11-07,card,cancelled,2025-11,Friday,480000.0,25.0,M,부산,2025-07-05,125.0
275,3,2026-01-24,bank_transfer,refunded,2026-01,Saturday,668000.0,34.0,F,서울,2025-01-22,367.0
276,22,2025-10-29,naver_pay,completed,2025-10,Wednesday,340000.0,28.0,F,부산,2024-06-28,488.0
277,14,2025-07-12,bank_transfer,completed,2025-07,Saturday,1879000.0,45.0,F,대구,2024-01-22,537.0
279,54,2026-01-05,naver_pay,refunded,2026-01,Monday,376000.0,39.0,F,대구,2023-10-31,797.0
280,48,2026-05-07,naver_pay,cancelled,2026-05,Thursday,2043000.0,24.0,M,광주,2023-09-28,952.0
281,132,2025-11-15,card,completed,2025-11,Saturday,804000.0,62.0,M,인천,2025-09-02,74.0
283,112,2026-02-26,card,refunded,2026-02,Thursday,483000.0,40.0,F,인천,2023-08-13,928.0
285,38,2026-07-18,card,completed,2026-07,Saturday,1163000.0,62.0,M,성남,2025-04-09,465.0
286,69,2025-09-03,naver_pay,completed,2025-09,Wednesday,668000.0,59.0,M,성남,2025-06-06,89.0
287,83,2028-12-31,card,cancelled,2028-12,Sunday,1714000.0,43.0,F,서울,2025-11-02,1155.0
288,95,2025-07-13,naver_pay,completed,2025-07,Sunday,535000.0,49.0,M,인천,2023-10-20,632.0
289,75,2026-01-16,naver_pay,cancelled,2026-01,Friday,484000.0,32.0,F,울산,2023-08-19,881.0
290,3,2026-04-24,card,completed,2026-04,Friday,5483000.0,34.0,F,서울,2025-01-22,457.0
291,37,2026-05-20,card,refunded,2026-05,Wednesday,1010000.0,33.0,M,수원,2024-03-17,794.0
292,14,2026-06-11,kakao_pay,completed,2026-06,Thursday,823000.0,45.0,F,대구,2024-01-22,871.0
293,20,2026-03-12,bank_transfer,refunded,2026-03,Thursday,858000.0,30.0,F,성남,2025-12-30,72.0
294,44,2025-07-06,card,completed,2025-07,Sunday,383000.0,68.0,F,울산,2025-03-10,118.0
295,18,2025-08-11,card,refunded,2025-08,Monday,15500000.0,19.0,M,대전,2025-08-05,6.0
296,92,2026-04-13,card,completed,2026-04,Monday,540000.0,25.0,F,광주,2025-01-04,464.0
297,36,2026-07-24,naver_pay,completed,2026-07,Friday,380000.0,32.0,M,고양,2026-01-30,175.0
298,31,2026-03-27,naver_pay,completed,2026-03,Friday,364000.0,18.0,F,대구,2023-12-24,824.0
299,133,2026-01-08,naver_pay,cancelled,2026-01,Thursday,1254000.0,20.0,F,광주,2024-04-23,625.0
300,2,2026-04-29,card,completed,2026-04,Wednesday,389000.0,63.0,M,대구,2023-09-20,952.0
