order_id,customer_id,order_date,payment_method,order_status,order_month,order_dayofweek,order_total,price,name,gender,age,city,signup_date,days_since_signup,actual_order_total,predicted_order_total,residual,abs_error
292,14,2026-06-11,kakao_pay,completed,6.0,3.0,823000.0,70666.66666666667,임서영,F,45.0,대구,2024-01-22,871.0,823000.0,722160.0,100840.0,100840.0
215,60,2026-06-12,card,completed,6.0,4.0,192000.0,30666.666666666668,오지혁,M,26.0,부산,2026-04-08,65.0,192000.0,174140.0,17860.0,17860.0
128,85,2026-06-17,bank_transfer,completed,6.0,2.0,1226000.0,128000.0,윤도호,M,33.0,부산,2023-10-05,986.0,1226000.0,1242830.0,-16830.0,16830.0
263,43,2026-06-18,bank_transfer,completed,6.0,3.0,665000.0,98500.0,안은주,M,39.0,부산,2025-11-16,214.0,665000.0,816240.0,-151240.0,151240.0
220,150,2026-06-19,bank_transfer,refunded,6.0,4.0,31000.0,31000.0,장재민,F,37.0,수원,2024-03-19,822.0,31000.0,160940.0,-129940.0,129940.0
96,85,2026-06-21,card,completed,6.0,6.0,167000.0,45500.0,윤도호,M,33.0,부산,2023-10-05,990.0,167000.0,349020.0,-182020.0,182020.0
52,120,2026-06-22,kakao_pay,completed,6.0,0.0,87000.0,29000.0,윤서영,F,41.0,부산,2024-04-15,798.0,87000.0,202280.0,-115280.0,115280.0
228,22,2026-06-22,bank_transfer,completed,6.0,0.0,1426000.0,94500.0,강영민,F,28.0,부산,2024-06-28,724.0,1426000.0,680720.0,745280.0,745280.0
211,38,2026-06-22,kakao_pay,completed,6.0,0.0,855000.0,97000.0,권우현,M,62.0,성남,2025-04-09,439.0,855000.0,622040.0,232960.0,232960.0
231,134,2026-06-24,kakao_pay,cancelled,6.0,2.0,230000.0,36750.0,장준희,M,56.0,대전,2025-06-09,380.0,230000.0,216430.0,13570.0,13570.0
163,108,2026-06-24,kakao_pay,completed,6.0,2.0,18000.0,18000.0,최채현,M,56.0,대전,2024-07-20,704.0,18000.0,166530.0,-148530.0,148530.0
251,72,2026-06-26,card,refunded,6.0,4.0,160000.0,32000.0,조진성,M,18.0,울산,2023-11-12,957.0,160000.0,180120.0,-20120.0,20120.0
206,25,2026-06-29,bank_transfer,completed,6.0,0.0,58000.0,58000.0,송재경,F,35.0,울산,2025-12-11,200.0,58000.0,456760.0,-398760.0,398760.0
129,90,2026-07-01,card,completed,7.0,2.0,1791000.0,135666.66666666666,윤서미,F,57.0,수원,2024-09-22,647.0,1791000.0,1500220.0,290780.0,290780.0
31,73,2026-07-05,kakao_pay,refunded,7.0,6.0,106000.0,53000.0,황혜주,F,47.0,수원,2024-01-17,900.0,106000.0,409630.0,-303630.0,303630.0
151,74,2026-07-07,kakao_pay,completed,7.0,1.0,1499000.0,187500.0,홍정호,F,27.0,부산,2023-08-26,1046.0,1499000.0,941380.0,557620.0,557620.0
1,144,2026-07-12,naver_pay,completed,7.0,6.0,344000.0,172000.0,조우호,F,90.0,인천,2024-03-13,851.0,344000.0,1016300.0,-672300.0,672300.0
103,32,2026-07-14,bank_transfer,completed,7.0,1.0,1007000.0,97333.33333333333,전우수,F,25.0,성남,2026-01-31,164.0,1007000.0,831820.0,175180.0,175180.0
149,55,2026-07-17,card,refunded,7.0,4.0,38000.0,38000.0,장유미,M,61.0,부산,2024-11-20,604.0,38000.0,254810.0,-216810.0,216810.0
285,38,2026-07-18,card,completed,7.0,5.0,1163000.0,115666.66666666667,권우현,M,62.0,성남,2025-04-09,465.0,1163000.0,1081480.0,81520.0,81520.0
78,127,2026-07-22,naver_pay,refunded,7.0,2.0,21000.0,21000.0,임지진,F,49.0,부산,2025-11-10,254.0,21000.0,243620.0,-222620.0,222620.0
297,36,2026-07-24,naver_pay,completed,7.0,4.0,380000.0,76500.0,이채연,M,32.0,고양,2026-01-30,175.0,380000.0,842900.0,-462900.0,462900.0
233,144,2026-07-27,naver_pay,completed,7.0,0.0,1352000.0,143666.66666666666,조우호,F,90.0,인천,2024-03-13,866.0,1352000.0,1104690.0,247310.0,247310.0
90,5,2026-07-27,card,completed,7.0,0.0,1430000.0,132666.66666666666,조성혁,M,26.0,광주,2024-02-10,898.0,1430000.0,1123260.0,306740.0,306740.0
44,128,2026-08-01,bank_transfer,refunded,8.0,5.0,1208000.0,103666.66666666667,황성람,M,23.0,울산,2025-08-14,352.0,1208000.0,912820.0,295180.0,295180.0
69,120,2026-08-02,kakao_pay,cancelled,8.0,6.0,274000.0,68500.0,윤서영,F,41.0,부산,2024-04-15,839.0,274000.0,544080.0,-270080.0,270080.0
121,95,2026-08-03,naver_pay,completed,8.0,0.0,1097000.0,121666.66666666667,신현주,M,49.0,인천,2023-10-20,1018.0,1097000.0,1059910.0,37090.0,37090.0
12,81,2026-08-05,card,completed,8.0,2.0,1416000.0,183000.0,강예미,F,64.0,광주,2025-01-25,557.0,1416000.0,796520.0,619480.0,619480.0
71,112,2026-08-05,kakao_pay,completed,8.0,2.0,934000.0,95333.33333333333,권하우,F,40.0,인천,2023-08-13,1088.0,934000.0,641960.0,292040.0,292040.0
108,14,2026-08-06,kakao_pay,completed,8.0,3.0,1891000.0,163666.66666666666,임서영,F,45.0,대구,2024-01-22,927.0,1891000.0,768370.0,1122630.0,1122630.0
13,135,2026-08-08,bank_transfer,completed,8.0,5.0,809000.0,165000.0,안예원,M,41.0,광주,2025-11-30,251.0,809000.0,821850.0,-12850.0,12850.0
196,7,2026-08-10,naver_pay,completed,8.0,0.0,374000.0,67666.66666666667,한예우,M,31.0,서울,2023-11-13,1001.0,374000.0,597840.0,-223840.0,223840.0
204,115,2026-08-11,card,completed,8.0,1.0,1373000.0,126000.0,박승윤,F,47.0,수원,2025-12-24,230.0,1373000.0,984760.0,388240.0,388240.0
262,110,2026-08-11,kakao_pay,completed,8.0,1.0,665000.0,120500.0,박승희,F,45.0,성남,2025-04-05,493.0,665000.0,1209760.0,-544760.0,544760.0
232,20,2026-08-11,kakao_pay,completed,8.0,1.0,1284000.0,160500.0,김성희,F,30.0,성남,2025-12-30,224.0,1284000.0,1118140.0,165860.0,165860.0
50,104,2026-08-14,card,completed,8.0,4.0,2088000.0,124250.0,윤혜원,F,38.0,서울,2025-08-31,348.0,2088000.0,1573560.0,514440.0,514440.0
144,90,2026-08-18,card,cancelled,8.0,1.0,381000.0,127000.0,윤서미,F,57.0,수원,2024-09-22,695.0,381000.0,1117010.0,-736010.0,736010.0
136,33,2026-08-19,bank_transfer,completed,8.0,2.0,830000.0,112000.0,권승윤,F,150.0,고양,2025-09-14,339.0,830000.0,1245220.0,-415220.0,415220.0
106,119,2026-08-20,kakao_pay,cancelled,8.0,3.0,165000.0,55000.0,서성미,M,20.0,인천,2024-01-26,937.0,165000.0,530410.0,-365410.0,365410.0
54,115,2026-08-21,kakao_pay,completed,8.0,4.0,865000.0,80666.66666666667,박승윤,F,47.0,수원,2025-12-24,240.0,865000.0,745400.0,119600.0,119600.0
180,116,2026-08-25,naver_pay,completed,8.0,1.0,183000.0,61000.0,강예호,F,65.0,광주,2026-07-24,32.0,183000.0,545810.0,-362810.0,362810.0
235,7,2026-08-26,kakao_pay,completed,8.0,2.0,1293000.0,99250.0,한예우,M,31.0,서울,2023-11-13,1017.0,1293000.0,866350.0,426650.0,426650.0
225,104,2026-08-28,bank_transfer,completed,8.0,4.0,1878000.0,137666.66666666666,윤혜원,F,38.0,서울,2025-08-31,362.0,1878000.0,1409760.0,468240.0,468240.0
77,41,2026-08-29,card,cancelled,8.0,5.0,474000.0,97000.0,서유진,M,41.0,Unknown,2023-10-20,1044.0,474000.0,685540.0,-211540.0,211540.0
207,15,2026-08-30,kakao_pay,refunded,8.0,6.0,936000.0,101333.33333333333,강수영,M,61.0,광주,2025-05-18,469.0,936000.0,718190.0,217810.0,217810.0
256,55,2027-01-15,bank_transfer,completed,1.0,4.0,909000.0,124666.66666666667,장유미,M,61.0,부산,2024-11-20,786.0,909000.0,1130770.0,-221770.0,221770.0
287,83,2028-12-31,card,cancelled,12.0,6.0,1714000.0,127750.0,이우호,F,43.0,서울,2025-11-02,1155.0,1714000.0,1244710.0,469290.0,469290.0
