record_id,actual_is_cancelled,predicted_is_cancelled,cancel_probability,model,threshold
REC_0000,0,0,0.48,Random Forest,0.5
REC_0001,0,0,0.4514,Random Forest,0.5
REC_0002,1,0,0.4445,Random Forest,0.5
REC_0003,0,0,0.4215,Random Forest,0.5
REC_0004,0,1,0.5364,Random Forest,0.5
REC_0005,1,1,0.5212,Random Forest,0.5
REC_0006,1,0,0.4625,Random Forest,0.5
REC_0007,0,0,0.4939,Random Forest,0.5
REC_0008,0,0,0.313,Random Forest,0.5
REC_0009,0,0,0.4083,Random Forest,0.5
REC_0010,0,0,0.4501,Random Forest,0.5
REC_0011,1,1,0.5632,Random Forest,0.5
REC_0012,1,0,0.4922,Random Forest,0.5
REC_0013,0,0,0.4686,Random Forest,0.5
REC_0014,0,0,0.434,Random Forest,0.5
REC_0015,1,0,0.4992,Random Forest,0.5
REC_0016,0,0,0.4502,Random Forest,0.5
REC_0017,0,1,0.5652,Random Forest,0.5
REC_0018,0,0,0.4646,Random Forest,0.5
REC_0019,0,0,0.3307,Random Forest,0.5
REC_0020,0,1,0.5368,Random Forest,0.5
REC_0021,0,1,0.5594,Random Forest,0.5
REC_0022,0,0,0.3754,Random Forest,0.5
REC_0023,0,1,0.5455,Random Forest,0.5
REC_0024,0,1,0.5103,Random Forest,0.5
REC_0025,0,1,0.538,Random Forest,0.5
REC_0026,0,0,0.4638,Random Forest,0.5
REC_0027,0,0,0.4303,Random Forest,0.5
REC_0028,1,1,0.5715,Random Forest,0.5
REC_0029,1,0,0.4503,Random Forest,0.5
REC_0030,0,1,0.5256,Random Forest,0.5
REC_0031,0,1,0.5481,Random Forest,0.5
REC_0032,0,0,0.363,Random Forest,0.5
REC_0033,0,1,0.523,Random Forest,0.5
REC_0034,0,0,0.4494,Random Forest,0.5
REC_0035,0,1,0.5603,Random Forest,0.5
REC_0036,0,1,0.5468,Random Forest,0.5
REC_0037,1,1,0.5179,Random Forest,0.5
REC_0038,0,0,0.4658,Random Forest,0.5
REC_0039,0,0,0.4742,Random Forest,0.5
REC_0040,0,0,0.3846,Random Forest,0.5
REC_0041,1,1,0.5469,Random Forest,0.5
REC_0042,1,1,0.5403,Random Forest,0.5
REC_0043,0,1,0.5161,Random Forest,0.5
REC_0044,1,0,0.4795,Random Forest,0.5
REC_0045,0,1,0.5391,Random Forest,0.5
REC_0046,0,1,0.5763,Random Forest,0.5
REC_0047,0,0,0.4689,Random Forest,0.5
REC_0048,0,0,0.3616,Random Forest,0.5
